timestamp,load,temp
2024-01-01 00:00:00,50,20.00
2024-01-01 01:00:00,51,20.04
2024-01-01 02:00:00,52,20.08
2024-01-01 03:00:00,53,20.12
2024-01-01 04:00:00,54,20.17
2024-01-01 05:00:00,55,20.21
2024-01-01 06:00:00,56,20.25
2024-01-01 07:00:00,50,20.29
2024-01-01 08:00:00,51,20.33
2024-01-01 09:00:00,52,20.38
2024-01-01 10:00:00,53,20.42
2024-01-01 10:00:00,53,20.1
2024-01-01 11:00:00,54,20.46
2024-01-01 12:00:00,55,20.50
2024-01-01 13:00:00,56,20.54
2024-01-01 14:00:00,50,20.58
2024-01-01 15:00:00,51,20.62
2024-01-01 16:00:00,52,20.67
2024-01-01 17:00:00,53,20.71
2024-01-01 18:00:00,54,20.75
2024-01-01 19:00:00,55,20.79
2024-01-01 20:00:00,56,20.83
2024-01-01 21:00:00,50,20.88
2024-01-01 22:00:00,51,20.92
2024-01-01 23:00:00,52,20.96
2024-01-02 00:00:00,53,21.00
2024-01-02 01:00:00,54,21.04
2024-01-02 02:00:00,55,21.08
2024-01-02 03:00:00,56,21.12
2024-01-02 04:00:00,50,21.17
2024-01-02 05:00:00,51,21.21
2024-01-02 07:00:00,53,21.29
2024-01-02 08:00:00,54,21.33
2024-01-02 09:00:00,55,21.38
2024-01-02 10:00:00,56,21.42
2024-01-02 11:00:00,50,21.46
2024-01-02 12:00:00,51,21.50
2024-01-02 13:00:00,52,21.54
2024-01-02 14:00:00,53,21.58
2024-01-02 15:00:00,54,21.62
2024-01-02 16:00:00,55,
2024-01-02 17:00:00,56,21.71
2024-01-02 18:00:00,50,21.75
2024-01-02 19:00:00,51,21.79
2024-01-02 20:00:00,52,21.83
2024-01-02 21:00:00,53,21.88
2024-01-02 22:00:00,54,21.92
2024-01-02 23:00:00,55,21.96
2024-01-03 00:00:00,56,22.00
2024-01-03 01:00:00,50,22.04
2024-01-03 02:00:00,51,22.08
2024-01-03 03:00:00,52,22.12
2024-01-03 04:00:00,53,22.17
2024-01-03 05:00:00,54,22.21
2024-01-03 06:00:00,55,22.25
2024-01-03 07:00:00,56,22.29
2024-01-03 08:00:00,50,22.33
2024-01-03 09:00:00,51,22.38
2024-01-03 10:00:00,52,22.42
2024-01-03 11:00:00,53,22.46
2024-01-03 12:00:00,54,22.50
2024-01-03 13:00:00,55,22.54
2024-01-03 14:00:00,56,22.58
2024-01-03 15:00:00,50,22.62
2024-01-03 16:00:00,51,22.67
2024-01-03 17:00:00,52,22.71
2024-01-03 18:00:00,53,22.75
2024-01-03 19:00:00,54,22.79
2024-01-03 20:00:00,55,22.83
2024-01-03 21:00:00,56,22.88
2024-01-03 22:00:00,50,22.92
2024-01-03 23:00:00,51,22.96
